timestamp,label,sensor_88,sensor_115
2008-07-19 11:55:00,-1,1747.6049,748.6115
2008-07-19 12:32:00,-1,1931.6464,731.2517
2008-07-19 13:17:00,1,1685.8514,718.5777
2008-07-19 14:43:00,-1,1752.0968,709.0867
2008-07-19 15:22:00,-1,1828.3846,796.595
2008-07-19 17:53:00,-1,1832.6305,748.0887
2008-07-19 19:44:00,-1,1740.6472,806.2734
2008-07-19 19:45:00,-1,1826.1111,778.3335
2008-07-19 20:24:00,-1,1788.8624,748.563
2008-07-19 21:35:00,-1,1712.8033,786.6071
2008-07-19 21:57:00,1,1732.2002,636.9547
2008-07-19 22:52:00,1,1632.312,725.8145
2008-07-20 03:35:00,-1,1891.4401,670.3646
2008-07-21 08:21:00,-1,1706.2759,756.9414
2008-07-21 11:53:00,1,1839.845,736.1852
2008-07-22 00:03:00,-1,1777.4358,762.8943
2008-07-22 02:59:00,-1,1717.1081,729.7498
2008-07-22 08:41:00,-1,1777.3281,769.1809
2008-07-22 11:47:00,-1,1773.5327,790.0665
2008-07-22 14:00:00,-1,1822.7262,768.1313
2008-07-22 15:30:00,-1,1769.7554,852.5298
2008-07-23 05:15:00,-1,1859.4925,804.2368
2008-07-23 19:22:00,-1,1765.2057,700.0255
2008-07-25 15:23:00,1,1843.7237,762.9077
2008-07-27 04:18:00,-1,1710.6147,653.0773
2008-07-27 09:37:00,-1,1859.2332,771.7826
2008-07-27 11:10:00,-1,1879.3624,748.729
2008-07-27 15:46:00,-1,1920.2216,735.4067
2008-07-27 16:06:00,-1,1795.493,761.5706
2008-07-27 16:49:00,-1,1805.2925,746.772
2008-07-27 20:24:00,-1,1794.4718,814.7503
2008-07-27 22:28:00,-1,1841.8205,627.1345
2008-07-27 22:28:00,-1,1878.6376,750.5962
2008-07-27 23:14:00,-1,1841.8205,782.6006
2008-07-28 03:31:00,-1,1840.4916,757.7612
2008-07-28 03:48:00,-1,1773.4197,662.9427
2008-07-28 04:37:00,-1,1804.703,716.5576
2008-07-28 05:36:00,-1,1805.2925,767.7303
2008-07-28 06:45:00,1,1831.8286,656.7414
2008-07-28 08:36:00,-1,1792.1586,785.4558
2008-07-28 15:11:00,1,1797.941,731.0955
2008-07-28 23:57:00,-1,1844.2923,711.6416
2008-07-29 04:08:00,-1,1769.3696,673.8036
2008-07-29 05:16:00,-1,1813.8976,764.948
2008-07-29 06:19:00,-1,1891.4401,700.7723
2008-07-29 08:23:00,1,1801.9478,767.6058
2008-07-29 11:47:00,-1,1823.9266,656.7325
2008-07-29 15:41:00,-1,1806.4107,765.9619
2008-07-29 15:49:00,1,1836.6503,759.8721
2008-07-29 17:05:00,1,1854.7794,792.1467
2008-07-29 18:08:00,1,1787.9799,768.0063
2008-07-29 21:07:00,-1,1915.1296,718.8014
2008-07-29 23:14:00,-1,1717.3568,759.6985
2008-07-29 23:19:00,-1,1874.2109,804.678
2008-07-30 06:30:00,-1,1837.5602,755.8207
2008-07-30 07:08:00,-1,1861.767,741.3105
2008-07-30 12:02:00,-1,1832.5502,755.125
2008-07-30 12:29:00,1,1841.8205,704.9014
2008-07-30 21:16:00,1,1902.0905,753.9392
2008-07-31 13:57:00,-1,1894.5316,734.0928
2008-07-31 15:36:00,-1,1764.308,778.7802
2008-07-31 17:07:00,-1,1796.1029,754.8984
2008-07-31 20:18:00,1,1775.4565,714.136
2008-08-01 02:02:00,-1,1862.9489,773.7589
2008-08-01 05:52:00,1,1780.3646,760.5687
2008-08-01 10:20:00,-1,1789.9489,771.0169
2008-08-01 10:26:00,-1,1833.5472,735.9707
2008-08-01 11:28:00,-1,1836.76,737.6565
2008-08-01 12:29:00,-1,1806.4107,755.5991
2008-08-01 14:07:00,-1,1859.3656,773.8504
2008-08-01 15:10:00,-1,1809.8522,757.3824
2008-08-02 03:39:00,-1,1862.9489,733.8516
2008-08-03 13:09:00,-1,1813.8976,763.8563
2008-08-03 14:06:00,-1,1789.4793,711.8571
2008-08-03 14:25:00,-1,1764.3276,773.7833
2008-08-03 15:03:00,-1,1793.9021,823.2608
2008-08-03 15:27:00,-1,1802.3303,760.5186
2008-08-03 16:00:00,-1,1816.0286,760.1941
2008-08-03 17:00:00,-1,1857.068,722.0756
2008-08-03 17:58:00,-1,1836.6503,744.4707
2008-08-03 20:23:00,-1,1808.3115,726.8887
2008-08-03 22:52:00,-1,1862.9306,790.1841
2008-08-04 00:39:00,1,1883.8396,771.4724
2008-08-04 03:45:00,-1,1794.9025,738.2523
2008-08-04 03:49:00,-1,1739.2144,735.1842
2008-08-04 13:19:00,-1,1831.4598,716.1579
2008-08-04 14:04:00,-1,1822.7262,767.3358
2008-08-04 14:31:00,-1,1841.0643,731.1757
2008-08-04 15:29:00,-1,1747.538,757.1042
2008-08-04 16:15:00,-1,1778.933,768.9496
2008-08-04 16:31:00,-1,1851.4578,795.0289
2008-08-04 17:11:00,-1,1831.0923,806.075
2008-08-04 17:46:00,-1,1769.3696,631.7283
2008-08-04 18:24:00,-1,1789.4793,771.9225
2008-08-04 19:58:00,-1,1832.5502,822.519
2008-08-04 20:32:00,-1,1884.6219,792.3948
2008-08-04 20:58:00,1,1805.2925,781.5414
2008-08-04 21:43:00,-1,1849.31,758.1528
2008-08-04 22:51:00,-1,1851.4578,764.1613
2008-08-04 23:33:00,-1,1859.3656,787.6015
2008-08-05 00:04:00,-1,1747.538,711.8674
2008-08-05 01:12:00,-1,1853.9026,806.2008
2008-08-05 02:15:00,-1,1686.76,680.0452
2008-08-05 02:36:00,-1,1807.8376,759.0628
2008-08-05 02:45:00,-1,1839.6873,712.1443
2008-08-05 03:17:00,-1,1732.4919,776.2969
2008-08-05 03:36:00,-1,1839.6873,717.0246
2008-08-05 03:54:00,-1,1894.2798,756.9467
2008-08-05 04:32:00,-1,1799.6569,682.8184
2008-08-05 04:35:00,-1,1829.0059,758.1489
2008-08-05 05:11:00,-1,1840.4916,703.4418
2008-08-05 06:10:00,-1,1769.2292,794.5335
2008-08-05 06:11:00,-1,1799.6569,703.1421
2008-08-05 06:21:00,-1,1778.933,837.1784
2008-08-05 07:12:00,-1,1728.4036,790.9846
2008-08-05 07:12:00,1,1787.9799,725.5646
2008-08-05 07:48:00,-1,1780.9914,727.9479
2008-08-05 08:50:00,-1,1825.8466,719.0445
2008-08-05 09:48:00,-1,1879.8917,759.3098
2008-08-05 14:17:00,-1,1790.8771,737.8589
2008-08-05 14:45:00,-1,1805.8033,871.2042
2008-08-05 15:45:00,-1,1781.2788,806.0594
2008-08-05 20:04:00,-1,1752.2363,738.8354
2008-08-05 21:07:00,-1,1851.4578,767.9018
2008-08-05 21:22:00,-1,1856.3238,816.0562
2008-08-05 23:02:00,-1,1883.8012,746.198
2008-08-05 23:06:00,-1,1851.4578,759.1619
2008-08-05 23:38:00,-1,1861.5607,744.2175
2008-08-06 00:04:00,-1,1840.4916,718.4797
2008-08-06 02:20:00,-1,1825.4156,724.9895
2008-08-06 03:22:00,-1,1805.8033,913.7342
2008-08-06 05:40:00,1,1761.9102,699.5907
2008-08-06 09:56:00,-1,1765.7697,763.7677
2008-08-06 09:57:00,-1,1838.962,757.9842
2008-08-06 12:33:00,-1,1853.1865,753.0848
2008-08-06 13:35:00,-1,1871.286,739.4041
2008-08-06 17:35:00,-1,1849.4837,717.1922
2008-08-06 18:00:00,-1,1839.6873,742.1122
2008-08-06 18:34:00,-1,1881.9657,756.0871
2008-08-06 19:13:00,-1,1798.3583,771.7988
2008-08-06 19:24:00,-1,1736.023,779.7311
2008-08-06 20:00:00,-1,1758.887,777.1834
2008-08-06 20:17:00,-1,1791.6509,750.6253
2008-08-06 21:15:00,-1,1792.7109,703.8649
2008-08-06 22:27:00,-1,1790.9915,779.8
2008-08-06 23:40:00,-1,1720.2934,610.7754
2008-08-06 23:45:00,-1,1744.9379,741.6048
2008-08-07 00:51:00,-1,1862.9489,762.1004
2008-08-07 07:30:00,-1,1780.9914,697.5983
2008-08-07 08:21:00,-1,1773.4197,732.1565
2008-08-07 08:45:00,-1,1853.4161,776.9291
2008-08-07 08:55:00,-1,1817.7872,739.8998
2008-08-07 10:12:00,-1,1822.5785,781.0648
2008-08-07 11:10:00,-1,1710.6147,687.4476
2008-08-07 11:40:00,1,1832.1146,738.6785
2008-08-08 04:55:00,-1,1861.4446,792.7484
2008-08-08 07:26:00,-1,1786.5706,642.7469
2008-08-08 08:44:00,1,1881.9657,743.4139
2008-08-08 12:37:00,1,1802.995,786.0266
2008-08-08 20:21:00,-1,1833.091,766.1571
2008-08-08 21:22:00,-1,1848.3966,728.7669
2008-08-08 21:53:00,-1,1838.6787,793.5619
2008-08-08 22:06:00,-1,1712.9528,706.4036
2008-08-08 22:25:00,-1,1685.8514,777.0694
2008-08-09 02:15:00,-1,1824.7066,803.7863
2008-08-09 02:37:00,-1,1801.5735,754.8288
2008-08-09 06:05:00,-1,1795.1792,722.5893
2008-08-09 09:16:00,1,1791.5292,738.8106
2008-08-09 09:22:00,-1,1858.0592,739.9606
2008-08-09 11:42:00,1,1765.5097,665.0964
2008-08-09 17:34:00,-1,1787.9799,752.2854
2008-08-09 19:03:00,-1,1778.933,800.7777
2008-08-09 20:04:00,-1,1828.5711,786.9781
2008-08-09 21:07:00,-1,1742.8618,753.5002
2008-08-09 22:15:00,-1,1799.6903,752.1419
2008-08-09 22:37:00,-1,1780.9914,768.111
2008-08-09 23:17:00,-1,1846.5282,788.2239
2008-08-09 23:34:00,-1,1790.9915,796.9036
2008-08-10 00:09:00,-1,1797.7321,793.3551
2008-08-10 00:46:00,-1,1854.9557,804.8687
2008-08-10 06:00:00,1,1767.801,664.1478
2008-08-10 06:41:00,-1,1846.5282,764.0386
2008-08-10 07:01:00,1,1843.7237,757.6615
2008-08-10 11:16:00,-1,1832.2865,750.9807
2008-08-10 11:49:00,-1,1854.9557,823.9463
2008-08-10 12:22:00,-1,1749.9655,809.4251
2008-08-10 15:59:00,1,1859.3656,744.9208
2008-08-10 19:07:00,-1,1697.3016,725.5256
2008-08-10 20:07:00,1,1829.0059,744.4078
2008-08-10 22:26:00,1,1836.552,705.2311
2008-08-11 03:06:00,-1,1761.9102,752.3592
2008-08-11 04:09:00,-1,1763.0268,785.8987
2008-08-11 05:15:00,-1,1810.9804,849.7613
2008-08-11 11:35:00,-1,1702.088,800.7351
2008-08-11 12:38:00,-1,1831.0923,733.3636
2008-08-12 04:23:00,-1,1794.519,759.1379
2008-08-12 06:16:00,-1,1838.6787,832.3449
2008-08-12 10:54:00,-1,1786.3082,780.9308
2008-08-12 11:29:00,-1,1854.6326,659.6154
2008-08-12 12:04:00,-1,1816.0286,920.359
2008-08-13 02:48:00,-1,1858.0592,736.7044
2008-08-15 03:26:00,-1,1883.8012,753.7949
2008-08-15 04:14:00,-1,1793.7857,794.8422
2008-08-15 05:13:00,-1,1812.6325,810.9034
2008-08-15 09:38:00,-1,1886.8436,775.285
2008-08-15 10:14:00,-1,1830.7801,725.8186
2008-08-15 11:42:00,-1,1846.5844,816.6838
2008-08-15 18:19:00,-1,1787.3023,705.7114
2008-08-15 19:19:00,-1,1722.3379,802.1254
2008-08-15 20:00:00,-1,1792.1586,727.6978
2008-08-15 20:03:00,-1,1821.7649,728.9824
2008-08-15 23:31:00,-1,1774.9142,815.659
2008-08-16 02:21:00,-1,1852.5078,721.4109
2008-08-16 05:47:00,-1,1880.0826,736.1205
2008-08-16 06:52:00,-1,1803.6909,743.8116
2008-08-16 07:33:00,-1,1832.5502,832.1991
2008-08-16 08:39:00,-1,1797.7321,668.8231
2008-08-16 08:41:00,-1,1779.2903,693.6673
2008-08-16 09:44:00,1,1795.1792,656.0378
2008-08-16 13:51:00,-1,1887.7862,782.4293
2008-08-16 14:30:00,-1,1792.727,813.8807
2008-08-16 15:16:00,-1,1827.9181,751.0438
2008-08-16 15:19:00,1,1801.128,746.2591
2008-08-16 23:48:00,-1,1842.4701,738.9962
2008-08-17 00:52:00,-1,1786.6951,774.7865
2008-08-17 01:53:00,-1,1854.9557,630.0971
2008-08-17 03:17:00,-1,1801.128,641.8758
2008-08-17 03:18:00,-1,1757.5277,726.0543
2008-08-17 03:46:00,-1,1812.2783,635.5314
2008-08-17 04:19:00,-1,1832.4027,707.0493
2008-08-17 05:21:00,-1,1744.9379,740.1573
2008-08-17 12:16:00,1,1844.4508,728.1562
2008-08-17 13:34:00,-1,1887.9633,748.049
2008-08-17 14:21:00,-1,1913.8017,780.9182
2008-08-17 15:25:00,-1,1852.0592,677.3252
2008-08-17 21:26:00,1,1833.2007,719.1702
2008-08-17 22:03:00,1,1830.5433,625.3523
2008-08-17 22:21:00,-1,1854.7794,728.7467
2008-08-17 23:04:00,1,1881.5296,776.46
2008-08-17 23:20:00,-1,1794.4239,751.9979
2008-08-17 23:55:00,1,1794.9025,695.2041
2008-08-18 00:02:00,1,1836.6503,690.0066
2008-08-18 00:20:00,-1,1800.4917,767.9245
2008-08-18 01:23:00,1,1795.2952,914.8248
2008-08-18 04:01:00,1,1834.4234,755.8564
2008-08-18 04:12:00,-1,1777.2005,687.3775
2008-08-18 04:35:00,-1,1773.9976,795.6297
2008-08-18 05:03:00,-1,1816.785,791.1522
2008-08-18 05:25:00,-1,1862.8531,773.7631
2008-08-18 06:07:00,-1,1863.9632,647.8381
2008-08-18 06:11:00,-1,1840.2843,658.8925
2008-08-18 06:26:00,-1,1836.552,720.0469
2008-08-18 07:11:00,-1,1797.7321,690.4501
2008-08-18 07:23:00,-1,1858.0592,702.2514
2008-08-18 07:29:00,-1,1828.5711,801.634
2008-08-18 08:18:00,-1,1819.8672,748.6378
2008-08-18 08:31:00,-1,1733.5523,704.8514
2008-08-18 10:13:00,-1,1858.0592,744.2076
2008-08-18 11:04:00,-1,1853.8926,825.7933
2008-08-18 12:00:00,-1,1831.864,816.0923
2008-08-18 12:06:00,-1,1786.6951,725.3973
2008-08-18 12:22:00,-1,1778.8166,667.6864
2008-08-18 12:49:00,-1,1832.4027,766.4387
2008-08-18 13:07:00,-1,1798.3583,702.0433
2008-08-18 14:01:00,-1,1864.3441,749.2668
2008-08-18 14:04:00,-1,1862.9489,729.943
2008-08-18 14:45:00,-1,1787.3023,768.202
2008-08-18 15:00:00,-1,1874.2109,728.7793
2008-08-18 15:26:00,-1,1797.7321,770.5694
2008-08-18 15:30:00,-1,1871.8602,768.9381
2008-08-18 15:33:00,-1,1822.7499,770.8132
2008-08-18 15:41:00,-1,1842.5068,809.4099
2008-08-18 16:19:00,-1,1763.6142,746.8328
2008-08-18 17:13:00,1,1802.8347,725.4545
2008-08-18 17:16:00,-1,1831.864,788.5671
2008-08-18 17:37:00,-1,1829.6212,771.871
2008-08-18 19:24:00,-1,1914.049,810.9578
2008-08-18 19:54:00,1,1847.4067,778.2324
2008-08-18 23:00:00,-1,1811.1446,786.8812
2008-08-18 23:03:00,-1,1759.6049,762.7615
2008-08-18 23:47:00,-1,1856.2581,774.8513
2008-08-19 01:10:00,-1,1893.0435,786.4948
2008-08-19 03:59:00,1,1810.6216,749.1421
2008-08-19 04:58:00,-1,1864.3441,735.2971
2008-08-19 05:09:00,-1,1901.2027,746.2861
2008-08-19 05:11:00,-1,1772.3676,625.935
2008-08-19 05:11:00,-1,1833.0548,752.0224
2008-08-19 05:40:00,-1,1852.4962,708.643
2008-08-19 05:41:00,-1,1773.857,742.3699
2008-08-19 05:53:00,-1,1769.1164,743.0542
2008-08-19 05:54:00,-1,1832.2865,786.7626
2008-08-19 05:56:00,1,1789.3866,613.4093
2008-08-19 06:24:00,-1,1843.9226,800.216
2008-08-19 07:43:00,-1,1738.2694,751.0128
2008-08-19 07:58:00,1,1863.0963,733.0903
2008-08-19 08:01:00,-1,1801.128,647.8563
2008-08-19 08:07:00,-1,1741.3956,761.4397
2008-08-19 08:33:00,-1,1877.7071,754.2908
2008-08-19 09:04:00,-1,1861.5607,716.8627
2008-08-19 09:05:00,-1,1816.5639,776.1043
2008-08-19 10:46:00,-1,1795.2952,780.5374
2008-08-19 11:11:00,-1,1769.1164,753.3314
2008-08-19 11:13:00,-1,1843.2651,756.1506
2008-08-19 11:13:00,-1,1875.3806,747.5515
2008-08-19 11:28:00,-1,1853.4853,734.3476
2008-08-19 11:44:00,-1,1904.1287,774.8408
2008-08-19 11:46:00,-1,1801.9478,776.0144
2008-08-19 11:57:00,-1,1861.5607,707.5662
2008-08-19 11:58:00,-1,1807.54,746.688
2008-08-19 12:30:00,-1,1940.215,760.8487
2008-08-19 15:33:00,-1,1783.6993,789.4391
2008-08-19 18:12:00,-1,1804.06,800.2382
2008-08-19 18:12:00,-1,1801.1735,747.4482
2008-08-19 18:30:00,-1,1820.0498,601.5894
2008-08-19 18:30:00,-1,1878.9894,685.9185
2008-08-19 19:38:00,-1,1892.1915,672.031
2008-08-19 20:53:00,-1,1814.3406,675.0017
2008-08-20 00:05:00,-1,1733.5523,712.2911
2008-08-20 01:33:00,-1,1841.8206,704.1989
2008-08-20 01:42:00,-1,2105.1823,868.6257
2008-08-20 02:13:00,-1,1770.9701,752.4133
2008-08-20 02:27:00,1,1792.3103,761.6652
2008-08-20 03:00:00,-1,1829.6212,730.9466
2008-08-20 03:12:00,1,1759.3842,773.9955
2008-08-20 06:36:00,-1,1823.4729,794.5278
2008-08-20 07:12:00,-1,1800.7005,741.9916
2008-08-20 08:40:00,1,1881.7384,751.7362
2008-08-20 09:17:00,1,1763.6142,740.0678
2008-08-20 10:26:00,-1,1772.3676,670.0627
2008-08-20 16:08:00,-1,1791.4529,747.1268
2008-08-20 16:16:00,-1,1776.3857,670.2623
2008-08-20 17:09:00,-1,1822.3337,769.1686
2008-08-20 17:35:00,-1,1870.1893,777.9122
2008-08-20 17:36:00,-1,1840.7873,752.795
2008-08-20 18:29:00,-1,1770.9701,818.3615
2008-08-20 18:35:00,-1,1808.7772,695.9574
2008-08-20 19:20:00,1,1757.8129,739.4489
2008-08-20 20:19:00,-1,1867.7871,724.4984
2008-08-20 21:33:00,-1,1788.576,658.0961
2008-08-20 21:41:00,-1,1867.7871,764.8125
2008-08-20 21:58:00,-1,1826.1601,715.9586
2008-08-20 22:13:00,-1,1855.3454,793.6935
2008-08-20 22:45:00,-1,1797.7321,694.1121
2008-08-20 23:18:00,-1,1872.0824,773.6529
2008-08-20 23:43:00,1,1855.7416,754.4612
2008-08-21 02:11:00,-1,1881.3592,714.0343
2008-08-21 02:46:00,-1,1827.9181,779.0129
2008-08-21 04:22:00,-1,1793.9021,820.6605
2008-08-21 04:29:00,-1,1831.9564,791.1463
2008-08-21 05:06:00,-1,1772.3676,628.0099
2008-08-21 05:15:00,-1,1772.2888,799.4221
2008-08-21 06:10:00,1,1871.0413,707.6926
2008-08-21 11:22:00,-1,1815.6927,750.4614
2008-08-21 12:00:00,-1,1794.9813,757.0225
2008-08-21 12:31:00,-1,1817.9758,701.5096
2008-08-21 12:33:00,-1,1872.0824,679.4609
2008-08-21 12:43:00,-1,1747.5658,800.7803
2008-08-21 12:52:00,-1,1781.1753,752.4658
2008-08-21 13:11:00,-1,1710.6147,714.2343
2008-08-21 13:19:00,-1,1831.9564,810.4349
2008-08-21 13:29:00,-1,1775.7413,721.0646
2008-08-21 13:45:00,-1,1850.6233,822.4179
2008-08-21 14:47:00,-1,1810.3829,705.2765
2008-08-21 15:05:00,-1,1753.3566,745.0055
2008-08-21 15:06:00,-1,1920.1314,802.4359
2008-08-21 15:32:00,-1,1844.9576,763.4808
2008-08-21 15:48:00,-1,1877.7071,750.8614
2008-08-21 15:50:00,-1,1801.5735,613.1991
2008-08-21 16:19:00,1,1803.9505,654.6793
2008-08-21 16:36:00,-1,1845.7874,747.146
2008-08-21 17:25:00,-1,1831.9564,820.13
2008-08-21 17:44:00,-1,1878.6376,544.0254
2008-08-21 18:04:00,-1,1807.7849,761.2294
2008-08-21 18:05:00,1,1873.5524,809.5983
2008-08-21 18:39:00,-1,1842.4701,704.7627
2008-08-21 18:53:00,-1,1841.8206,742.2977
2008-08-21 19:12:00,-1,1814.4731,765.6185
2008-08-21 19:12:00,-1,1831.3997,698.0778
2008-08-21 19:46:00,-1,1880.0594,598.8947
2008-08-21 20:19:00,-1,1775.56,699.3262
2008-08-21 20:21:00,-1,1650.2713,646.9475
2008-08-21 20:37:00,-1,1686.5083,640.2048
2008-08-21 21:32:00,-1,1811.5779,784.3665
2008-08-21 22:25:00,-1,1743.2584,830.036
2008-08-21 22:41:00,-1,1920.1314,766.7401
2008-08-21 23:08:00,-1,1777.2005,761.0178
2008-08-21 23:27:00,-1,1920.1314,743.3225
2008-08-21 23:53:00,-1,1796.8323,709.7159
2008-08-21 23:57:00,-1,1686.5083,768.6071
2008-08-22 00:43:00,-1,1787.3023,629.6115
2008-08-22 00:44:00,-1,1850.8192,706.682
2008-08-22 00:47:00,-1,1825.2832,730.4042
2008-08-22 01:04:00,1,1850.6233,750.6866
2008-08-22 01:26:00,-1,1902.0905,748.6161
2008-08-22 01:27:00,-1,1827.6397,805.3742
2008-08-22 01:54:00,-1,1831.864,839.7342
2008-08-22 02:01:00,-1,1843.2651,729.0898
2008-08-22 02:25:00,-1,1790.9413,749.6684
2008-08-22 02:52:00,-1,1759.3842,728.1346
2008-08-22 03:18:00,-1,1763.4672,771.3742
2008-08-22 03:58:00,-1,1800.4917,751.5454
2008-08-22 04:40:00,-1,1870.7982,717.1551
2008-08-22 04:57:00,-1,1886.5896,625.3835
2008-08-22 05:21:00,-1,1742.8618,736.043
2008-08-22 05:31:00,-1,1931.6464,581.2285
2008-08-22 05:32:00,-1,1877.7071,763.2926
2008-08-22 06:00:00,1,1881.9657,761.2689
2008-08-22 07:04:00,-1,1783.0385,748.3036
2008-08-22 07:17:00,-1,1822.7499,753.4158
2008-08-22 07:27:00,-1,1807.1352,805.4147
2008-08-22 09:29:00,-1,1642.5266,598.2087
2008-08-22 09:29:00,-1,1795.6262,794.1723
2008-08-22 10:01:00,-1,1854.6093,764.7068
2008-08-22 10:18:00,-1,1831.864,821.7003
2008-08-22 10:47:00,-1,1777.7633,778.5873
2008-08-22 11:32:00,-1,1812.6245,699.0406
2008-08-22 12:13:00,-1,1840.2756,796.9965
2008-08-22 12:37:00,-1,1693.5643,684.9116
2008-08-22 12:42:00,-1,1660.6167,608.9453
2008-08-22 13:22:00,-1,1774.8359,774.4805
2008-08-22 14:45:00,-1,1801.8521,810.6502
2008-08-22 15:25:00,-1,1710.6147,673.1633
2008-08-22 15:39:00,-1,1837.1822,743.8595
2008-08-22 15:54:00,-1,1841.8206,710.8998
2008-08-22 19:14:00,1,1815.6927,740.1718
2008-08-22 23:46:00,-1,1780.6717,733.3834
2008-08-22 23:47:00,-1,1807.7849,751.8475
2008-08-22 23:49:00,-1,1811.5779,761.0258
2008-08-22 23:56:00,-1,1882.515,732.0802
2008-08-23 02:04:00,-1,1848.1731,768.2529
2008-08-23 03:26:00,-1,1805.1722,748.68
2008-08-23 04:50:00,-1,1829.0059,732.1428
2008-08-23 04:52:00,-1,1770.3007,711.8079
2008-08-23 05:57:00,-1,1827.1249,741.2014
2008-08-23 05:57:00,-1,1825.4069,763.64
2008-08-23 05:58:00,-1,1810.8689,679.5659
2008-08-23 05:58:00,-1,1801.1735,753.7133
2008-08-23 09:24:00,-1,1732.4919,778.4373
2008-08-23 12:58:00,-1,1805.1722,757.1037
2008-08-23 13:02:00,-1,1660.6167,690.038
2008-08-23 15:10:00,-1,1789.9489,647.2282
2008-08-23 15:29:00,1,1660.6167,759.4872
2008-08-24 02:32:00,-1,1824.9624,744.0503
2008-08-24 04:00:00,-1,1777.7633,785.5426
2008-08-24 07:12:00,-1,1795.1019,753.6547
2008-08-24 07:14:00,-1,1871.4415,702.5985
2008-08-24 10:09:00,-1,1877.3975,740.4595
2008-08-24 10:14:00,-1,1795.6262,803.9097
2008-08-24 13:03:00,1,1830.7683,749.6408
2008-08-25 09:29:00,-1,1787.2954,616.1472
2008-08-27 00:46:00,-1,1747.3708,754.9704
2008-08-27 11:38:00,-1,1860.1034,784.4543
2008-08-27 12:22:00,-1,1848.1731,701.3177
2008-08-27 13:35:00,-1,1900.1544,813.1202
2008-08-27 14:18:00,-1,1787.1343,785.3684
2008-08-27 17:14:00,-1,1837.1822,690.3471
2008-08-27 22:48:00,-1,1753.205,802.4611
2008-08-27 22:58:00,-1,1795.6262,750.868
2008-08-28 03:03:00,-1,1717.4289,758.9631
2008-08-28 03:04:00,-1,1871.2326,709.5378
2008-08-28 03:29:00,-1,1803.9935,744.1361
2008-08-28 03:38:00,-1,1832.3214,781.5844
2008-08-28 03:45:00,-1,1870.0537,766.7332
2008-08-28 04:10:00,-1,1863.2137,724.0843
2008-08-28 04:20:00,-1,1838.012,788.1325
2008-08-28 04:54:00,-1,1875.3806,729.1587
2008-08-28 05:00:00,-1,1824.9624,728.0024
2008-08-28 06:15:00,-1,1865.0032,744.7048
2008-08-28 06:39:00,-1,1860.6086,800.6865
2008-08-28 06:56:00,-1,1777.7633,811.2332
2008-08-28 07:40:00,-1,1808.9068,750.2944
2008-08-28 07:51:00,-1,1827.9181,773.5535
2008-08-28 08:41:00,-1,1838.012,803.5339
2008-08-28 09:46:00,-1,1784.4188,749.9402
2008-08-28 09:49:00,-1,1744.551,703.7025
2008-08-28 10:15:00,-1,1759.3559,769.3171
2008-08-28 10:28:00,-1,1813.14,865.5526
2008-08-28 10:32:00,-1,1854.7706,664.1564
2008-08-28 11:19:00,-1,1796.8323,812.8688
2008-08-28 12:44:00,-1,1817.5571,751.7695
2008-08-28 14:48:00,-1,1767.4238,735.1954
2008-08-28 15:19:00,-1,1725.4839,675.9019
2008-08-28 16:01:00,-1,1725.4839,737.1228
2008-08-28 16:43:00,-1,1753.3566,699.0903
2008-08-28 16:52:00,-1,1697.1294,828.4183
2008-08-28 17:21:00,-1,1795.6262,784.2107
2008-08-28 17:27:00,-1,1794.6672,778.3338
2008-08-28 17:32:00,-1,1888.1251,795.9462
2008-08-28 18:05:00,-1,1882.515,754.3479
2008-08-28 18:10:00,-1,1660.6167,641.5862
2008-08-28 18:15:00,-1,1784.2011,748.0732
2008-08-28 18:25:00,-1,1812.6917,772.681
2008-08-28 18:47:00,-1,1906.6056,742.3405
2008-08-28 18:57:00,-1,1777.5048,748.4143
2008-08-28 20:20:00,-1,1770.3007,756.3569
2008-08-28 20:39:00,1,1803.2516,641.4075
2008-08-28 21:03:00,-1,1743.7621,795.0944
2008-08-28 21:52:00,-1,1879.8848,745.6198
2008-08-28 22:57:00,-1,1832.3214,757.4582
2008-08-28 23:40:00,-1,1831.4591,733.817
2008-08-28 23:42:00,-1,1814.5477,771.2991
2008-08-29 00:49:00,-1,1893.0435,748.4817
2008-08-29 01:06:00,-1,1697.1294,785.6371
2008-08-29 02:38:00,-1,1838.012,790.1214
2008-08-29 02:39:00,-1,1879.8848,752.7615
2008-08-29 03:27:00,-1,1810.8589,740.7274
2008-08-29 03:33:00,-1,1827.9181,720.9066
2008-08-29 03:46:00,-1,1847.4067,762.0235
2008-08-29 04:55:00,1,1762.7554,729.4385
2008-08-29 04:56:00,-1,1879.8848,735.6543
2008-08-29 05:16:00,-1,1743.2584,834.2252
2008-08-29 05:54:00,-1,1825.5244,761.3352
2008-08-29 05:54:00,-1,1778.933,713.6637
2008-08-29 05:57:00,-1,1870.7982,724.8634
2008-08-29 05:57:00,-1,1770.3007,730.0768
2008-08-29 06:35:00,-1,1752.1221,683.8262
2008-08-29 06:37:00,-1,1800.2195,740.7927
2008-08-29 06:40:00,-1,1745.6538,776.6501
2008-08-29 06:45:00,1,1764.543,701.3914
2008-08-29 06:54:00,-1,1827.4076,706.1614
2008-08-29 07:18:00,-1,1839.6873,735.0312
2008-08-29 07:22:00,-1,1804.0434,710.0026
2008-08-29 07:24:00,-1,1783.2841,716.6117
2008-08-29 07:33:00,-1,1834.4234,779.5474
2008-08-29 07:33:00,-1,1770.3007,738.4034
2008-08-29 08:10:00,-1,1879.8357,723.3346
2008-08-29 08:20:00,-1,1845.6472,760.3131
2008-08-29 08:41:00,-1,1820.0463,784.3755
2008-08-29 08:45:00,-1,1920.6247,748.2392
2008-08-29 12:21:00,-1,1821.8166,758.4047
2008-08-29 12:22:00,-1,1784.4188,765.0814
2008-08-29 12:37:00,-1,1817.0486,738.7298
2008-08-29 13:04:00,-1,1824.9624,781.077
2008-08-29 13:14:00,-1,1772.7789,719.8728
2008-08-29 13:27:00,-1,1796.8323,803.8346
2008-08-29 13:49:00,-1,1832.138,738.2743
2008-08-29 14:11:00,-1,1757.5821,700.279
2008-08-29 14:18:00,-1,1832.3214,759.8921
2008-08-29 14:30:00,-1,1831.4591,714.664
2008-08-29 15:01:00,-1,1889.6273,751.9014
2008-08-29 15:43:00,-1,1777.7633,808.1438
2008-08-29 16:26:00,-1,1816.2699,716.2204
2008-08-29 20:21:00,-1,1894.9172,754.7281
2008-08-29 20:49:00,-1,1743.2584,824.3834
2008-08-29 21:25:00,-1,1820.0463,814.5702
2008-08-29 21:46:00,-1,1763.6142,731.0047
2008-08-29 21:54:00,-1,1747.7034,748.7528
2008-08-29 22:11:00,-1,1866.7297,722.9924
2008-08-29 22:45:00,-1,1743.9933,712.8031
2008-08-29 22:49:00,-1,1725.4839,744.2807
2008-08-29 22:56:00,-1,1679.6377,638.4671
2008-08-30 00:01:00,-1,1813.14,686.1109
2008-08-30 00:05:00,-1,1800.2195,727.2449
2008-08-30 00:57:00,-1,1875.3806,764.6541
2008-08-30 01:29:00,-1,1821.9848,783.251
2008-08-30 02:08:00,-1,1772.8633,774.5916
2008-08-30 02:22:00,-1,1739.3732,773.3142
2008-08-30 02:32:00,-1,1788.815,731.9925
2008-08-30 02:39:00,-1,1800.4917,645.7231
2008-08-30 02:50:00,-1,1763.0268,778.3407
2008-08-30 03:10:00,-1,1814.3331,743.0132
2008-08-30 04:20:00,-1,1809.8939,722.5858
2008-08-30 04:24:00,-1,1697.1242,754.1953
2008-08-30 04:55:00,-1,1769.8568,712.0768
2008-08-30 05:05:00,-1,1811.5779,735.6821
2008-08-30 05:05:00,-1,1833.5098,758.1576
2008-08-30 05:38:00,-1,1888.1251,814.3718
2008-08-30 05:51:00,-1,1811.7807,765.0469
2008-08-30 07:50:00,-1,1755.7161,742.6547
2008-08-30 07:54:00,-1,1846.8055,768.9593
2008-08-30 08:10:00,-1,1846.8055,755.3514
2008-08-30 08:29:00,-1,1664.8378,721.9475
2008-08-30 08:42:00,-1,1729.1412,718.4279
2008-08-30 08:53:00,-1,1839.6873,746.4008
2008-08-30 09:13:00,-1,1832.2863,752.0981
2008-08-30 09:37:00,-1,1854.7706,644.3452
2008-08-30 09:45:00,1,1823.8228,705.4618
2008-08-30 10:15:00,-1,1681.6427,800.4397
2008-08-30 10:16:00,-1,1745.0393,737.2486
2008-08-30 11:12:00,-1,1729.1412,738.3185
2008-08-30 11:14:00,-1,1827.6397,674.5678
2008-08-30 11:18:00,-1,1762.0097,734.2345
2008-08-30 11:57:00,-1,1753.8124,659.4543
2008-08-30 14:10:00,1,1768.4421,748.9609
2008-08-30 14:23:00,-1,1751.8155,781.3525
2008-08-30 14:37:00,-1,1883.9678,751.7628
2008-08-30 15:06:00,-1,1824.9624,764.1201
2008-08-30 15:16:00,-1,1856.4217,671.2238
2008-08-30 15:37:00,-1,1835.0605,791.3698
2008-08-30 15:50:00,-1,1789.2868,798.8875
2008-08-30 15:57:00,-1,1779.2903,708.1497
2008-08-30 16:24:00,-1,1799.8915,780.9506
2008-08-30 17:05:00,-1,1772.8633,770.3773
2008-08-30 17:49:00,-1,1872.5908,730.9317
2008-08-30 19:21:00,-1,1865.0032,731.424
2008-08-30 19:27:00,-1,1800.5703,754.3501
2008-08-30 20:11:00,-1,1894.9172,781.7359
2008-08-30 20:53:00,-1,1847.0164,790.743
2008-08-30 21:53:00,-1,1854.9557,702.0668
2008-08-30 23:51:00,-1,1843.4549,742.4278
2008-08-31 02:57:00,-1,1784.2011,758.5839
2008-08-31 04:46:00,1,1846.8055,786.812
2008-08-31 05:05:00,-1,1780.4264,782.1142
2008-08-31 09:11:00,-1,1743.7116,770.7664
2008-08-31 10:36:00,-1,1728.3442,817.635
2008-08-31 10:59:00,1,1786.6951,763.2943
2008-08-31 10:59:00,-1,1783.0385,761.5121
2008-08-31 11:03:00,-1,1725.4839,759.5307
2008-08-31 15:09:00,-1,1816.0409,710.7979
2008-08-31 15:13:00,-1,1804.0434,725.8836
2008-08-31 16:32:00,-1,1775.7413,655.7746
2008-08-31 20:24:00,-1,1816.6093,808.6683
2008-08-31 21:04:00,-1,1856.4217,749.3412
2008-08-31 21:46:00,-1,1814.5477,819.9061
2008-08-31 21:58:00,-1,1650.2713,712.5051
2008-08-31 22:32:00,-1,1822.8702,697.4918
2008-08-31 22:48:00,-1,1739.5951,718.4783
2008-08-31 22:57:00,-1,1676.8038,728.0219
2008-09-01 00:01:00,-1,1679.6377,626.2357
2008-09-01 00:39:00,-1,1846.8055,757.6495
2008-09-01 00:45:00,-1,1737.5329,774.0379
2008-09-01 00:53:00,-1,1822.5785,709.405
2008-09-01 05:29:00,-1,1781.0447,717.5174
2008-09-01 05:32:00,-1,1795.6614,752.2997
2008-09-01 06:12:00,-1,1817.9758,605.2483
2008-09-01 06:21:00,-1,1867.539,755.303
2008-09-01 06:52:00,-1,1858.9403,766.2541
2008-09-01 08:18:00,-1,1681.6427,818.2537
2008-09-01 09:06:00,-1,1772.7789,757.3874
2008-09-01 09:19:00,-1,1816.7076,733.6039
2008-09-01 09:54:00,-1,1838.7309,786.8163
2008-09-01 10:57:00,-1,1770.9701,795.6814
2008-09-01 11:40:00,-1,1807.5363,763.5411
2008-09-01 16:20:00,-1,1739.5951,727.4067
2008-09-01 19:54:00,1,1770.9701,795.5777
2008-09-01 20:51:00,-1,1871.1087,676.0029
2008-09-01 22:05:00,-1,1867.4587,796.6377
2008-09-01 23:05:00,-1,1745.0393,762.3597
2008-09-01 23:19:00,-1,1881.3592,739.9763
2008-09-01 23:24:00,-1,1761.5111,733.0623
2008-09-01 23:28:00,-1,1729.1412,753.0458
2008-09-01 23:39:00,-1,1784.2011,722.202
2008-09-01 23:45:00,-1,1744.9379,720.4036
2008-09-01 23:59:00,-1,1805.4202,727.6517
2008-09-02 00:26:00,-1,1845.3986,771.9307
2008-09-02 00:31:00,-1,1804.9217,745.5714
2008-09-02 00:46:00,-1,1745.0393,768.4587
2008-09-02 01:09:00,-1,1831.0383,772.8801
2008-09-02 01:10:00,-1,1739.5951,716.0681
2008-09-02 01:10:00,-1,1805.1722,727.0502
2008-09-02 01:36:00,-1,1900.1544,820.3305
2008-09-02 01:50:00,-1,1836.552,782.4286
2008-09-02 02:02:00,-1,1755.7161,747.2163
2008-09-02 02:11:00,-1,1860.9223,755.1695
2008-09-02 02:50:00,-1,1809.2421,794.9251
2008-09-02 02:52:00,-1,1652.5845,684.9652
2008-09-02 03:33:00,-1,1779.2903,702.978
2008-09-02 03:35:00,-1,1763.4672,778.6489
2008-09-02 03:35:00,-1,1795.1763,755.3174
2008-09-02 04:19:00,-1,1825.2657,696.5634
2008-09-02 04:22:00,-1,1856.9809,793.0326
2008-09-02 05:46:00,-1,1729.1412,698.8656
2008-09-02 06:03:00,-1,1823.8228,719.8049
2008-09-02 06:19:00,-1,1827.6397,715.9049
2008-09-02 06:32:00,-1,1877.0406,700.1242
2008-09-02 06:48:00,-1,1766.9422,730.644
2008-09-02 07:22:00,-1,1837.8261,761.6345
2008-09-02 07:32:00,-1,1781.0447,739.1096
2008-09-02 08:15:00,-1,1827.4076,690.4209
2008-09-02 08:54:00,-1,1817.1541,737.8227
2008-09-02 09:36:00,-1,1860.9223,709.8677
2008-09-02 09:37:00,-1,1827.0915,571.978
2008-09-02 10:13:00,-1,1738.7372,788.1417
2008-09-02 10:21:00,-1,1847.0164,811.0338
2008-09-02 10:25:00,-1,1748.2561,747.3791
2008-09-02 10:33:00,-1,1781.0447,745.649
2008-09-02 11:08:00,-1,1820.0463,795.1965
2008-09-02 11:22:00,-1,1851.4578,791.8855
2008-09-02 11:47:00,-1,1784.4668,764.7243
2008-09-02 11:49:00,-1,1832.3214,811.3984
2008-09-02 12:01:00,-1,1770.9701,855.1201
2008-09-02 12:17:00,-1,1870.3516,786.8572
2008-09-02 12:26:00,-1,1741.3956,750.2391
2008-09-02 12:30:00,-1,1772.7789,721.8531
2008-09-02 12:44:00,-1,1658.1249,718.5979
2008-09-02 13:05:00,-1,1739.3732,771.2968
2008-09-02 13:08:00,-1,1892.1915,694.7671
2008-09-02 13:27:00,-1,1660.8742,730.7239
2008-09-02 13:40:00,-1,1832.3214,726.7933
2008-09-02 14:09:00,-1,1870.7982,749.6111
2008-09-02 14:21:00,-1,1798.2443,776.8345
2008-09-02 14:34:00,-1,1778.0842,642.4713
2008-09-02 15:29:00,-1,1759.3842,690.0701
2008-09-02 16:10:00,-1,1856.2073,708.7255
2008-09-02 16:50:00,-1,1788.5755,750.2611
2008-09-02 16:54:00,-1,1845.6472,762.103
2008-09-02 16:58:00,-1,1801.5348,735.3267
2008-09-02 17:10:00,-1,1741.9073,753.2022
2008-09-02 17:18:00,-1,1799.8915,775.6213
2008-09-02 18:38:00,-1,1807.5363,756.0866
2008-09-02 18:52:00,-1,1843.9226,821.9768
2008-09-02 19:18:00,-1,1845.8184,750.6732
2008-09-02 20:18:00,-1,1800.7005,732.3767
2008-09-02 20:52:00,-1,1759.3842,752.3893
2008-09-02 20:58:00,-1,1846.5444,765.1574
2008-09-02 20:59:00,-1,1706.1584,771.1395
2008-09-03 00:18:00,-1,1815.3829,741.269
2008-09-03 00:45:00,-1,1833.5098,754.156
2008-09-03 00:58:00,-1,1783.6549,748.6518
2008-09-03 01:15:00,1,1821.5609,775.6084
2008-09-03 01:32:00,-1,1805.4202,663.7341
2008-09-03 04:18:00,-1,1860.1034,778.2274
2008-09-03 06:26:00,-1,1798.2244,763.7578
2008-09-03 09:38:00,-1,1664.8378,705.4276
2008-09-03 14:24:00,-1,1820.7994,763.0741
2008-09-03 14:29:00,-1,1831.0339,783.0931
2008-09-03 17:22:00,-1,1801.0767,689.4589
2008-09-03 18:16:00,-1,1820.0498,668.9405
2008-09-03 18:16:00,-1,1801.0767,627.7822
2008-09-03 20:00:00,-1,1798.2244,786.3519
2008-09-03 20:10:00,-1,1786.0376,694.5532
2008-09-04 08:01:00,-1,1822.5526,757.9268
2008-09-04 08:22:00,-1,1832.2863,741.0272
2008-09-04 08:33:00,-1,1681.448,734.0825
2008-09-04 08:41:00,-1,1771.2594,708.6552
2008-09-04 08:53:00,-1,1745.0393,765.6322
2008-09-04 11:50:00,-1,1870.0537,772.5988
2008-09-04 14:09:00,-1,1811.078,746.2697
2008-09-04 14:11:00,-1,1757.4892,710.0249
2008-09-04 14:48:00,-1,1768.0997,771.9701
2008-09-04 16:30:00,-1,1888.9048,740.5622
2008-09-04 16:41:00,-1,1829.0059,711.658
2008-09-04 16:56:00,-1,1681.6427,796.3061
2008-09-04 17:30:00,-1,1799.6569,725.9413
2008-09-05 15:30:00,-1,1822.7265,799.0324
2008-09-05 21:48:00,-1,1726.6304,730.6197
2008-09-07 00:08:00,-1,1885.2917,800.832
2008-09-07 00:12:00,-1,1884.5547,787.4881
2008-09-07 00:49:00,-1,1789.8011,786.0303
2008-09-07 10:52:00,-1,1768.65,752.3015
2008-09-07 12:04:00,-1,1836.0926,740.7297
2008-09-07 12:20:00,-1,1856.3238,732.9637
2008-09-07 13:02:00,-1,1845.5245,709.085
2008-09-07 18:02:00,-1,1916.9759,755.9691
2008-09-07 18:24:00,-1,1829.7017,730.3365
2008-09-07 18:49:00,-1,1809.2492,730.4535
2008-09-07 19:29:00,-1,1832.6928,754.6217
2008-09-07 19:31:00,-1,1866.7297,776.768
2008-09-07 20:12:00,-1,1736.6114,704.8967
2008-09-07 20:50:00,-1,1779.3439,699.3567
2008-09-07 23:33:00,-1,1888.9048,778.8739
2008-09-08 00:32:00,-1,1735.5624,749.3277
2008-09-08 00:40:00,-1,1771.2594,696.8116
2008-09-08 01:24:00,-1,1778.4092,749.0064
2008-09-08 03:32:00,-1,1789.8604,765.5821
2008-09-08 03:48:00,-1,1795.1019,723.0805
2008-09-08 04:21:00,-1,1821.5609,763.1099
2008-09-08 06:37:00,-1,1868.3003,778.4614
2008-09-08 07:14:00,-1,1807.5363,689.2491
2008-09-08 07:41:00,-1,1888.1251,789.6447
2008-09-08 18:46:00,-1,1820.2068,672.3211
2008-09-08 19:14:00,-1,1736.6114,724.8528
2008-09-08 19:15:00,-1,1822.7265,700.3262
2008-09-08 19:25:00,-1,1815.5561,765.3155
2008-09-08 19:33:00,-1,1782.0579,703.9214
2008-09-08 20:00:00,-1,1873.7985,753.2087
2008-09-08 21:36:00,-1,1755.0772,675.9991
2008-09-08 21:53:00,-1,1873.7985,737.6567
2008-09-08 22:17:00,-1,1837.9621,840.1645
2008-09-09 00:25:00,-1,1863.6721,700.5112
2008-09-09 03:53:00,-1,1843.4549,730.2316
2008-09-09 08:44:00,-1,1829.7017,767.6853
2008-09-10 07:26:00,-1,1808.6103,671.1313
2008-09-10 09:21:00,-1,1812.2497,739.1452
2008-09-10 20:52:00,-1,1889.1991,850.246
2008-09-10 20:53:00,-1,1707.1903,706.7943
2008-09-10 21:56:00,-1,1704.6263,745.8395
2008-09-10 23:30:00,-1,1707.1903,681.2682
2008-09-10 23:43:00,-1,1832.1975,715.0716
2008-09-11 00:17:00,-1,1924.769,743.1204
2008-09-11 05:20:00,-1,1757.4892,710.4381
2008-09-11 06:04:00,-1,1816.1957,763.8291
2008-09-11 07:43:00,-1,1782.0579,691.2983
2008-09-11 08:06:00,-1,1797.1417,761.0143
2008-09-11 08:58:00,-1,1748.2561,779.2464
2008-09-11 09:24:00,-1,1782.2554,741.9351
2008-09-11 12:47:00,-1,1837.5534,749.7493
2008-09-11 13:36:00,-1,1837.5534,800.0857
2008-09-11 14:20:00,-1,1877.1962,753.7309
2008-09-11 14:24:00,-1,1774.8359,646.4211
2008-09-11 14:31:00,-1,1809.0765,747.2268
2008-09-11 15:05:00,-1,1822.7265,779.8168
2008-09-11 15:08:00,-1,1758.5897,772.0702
2008-09-11 16:28:00,-1,1789.8011,773.1252
2008-09-11 21:13:00,-1,1744.5284,763.038
2008-09-11 22:07:00,1,1713.0425,754.0153
2008-09-11 23:10:00,-1,1734.8192,660.9779
2008-09-11 23:48:00,1,1832.1975,726.8839
2008-09-12 05:11:00,-1,1686.7116,717.6598
2008-09-12 05:55:00,-1,1728.7168,781.8946
2008-09-12 06:38:00,-1,1660.8742,691.3175
2008-09-12 06:41:00,-1,1840.4683,709.0619
2008-09-12 06:45:00,-1,1859.2504,736.894
2008-09-12 07:21:00,-1,1888.9048,754.992
2008-09-12 07:29:00,-1,1816.1426,813.6538
2008-09-12 07:38:00,-1,1766.5759,690.6223
2008-09-12 11:57:00,-1,1827.0966,819.4529
2008-09-12 13:08:00,-1,1836.4015,787.6043
2008-09-12 14:52:00,-1,1907.2316,781.0278
2008-09-12 15:40:00,-1,1776.0103,737.2909
2008-09-12 16:23:00,-1,1907.2316,760.0694
2008-09-12 18:01:00,-1,1857.2319,731.8077
2008-09-12 18:52:00,-1,1937.2993,770.6422
2008-09-12 19:36:00,-1,1797.1417,815.7125
2008-09-12 20:28:00,-1,1779.3261,752.0818
2008-09-12 21:12:00,-1,1790.6877,717.8799
2008-09-12 22:25:00,-1,1865.4332,809.043
2008-09-12 22:45:00,-1,1789.8011,777.0082
2008-09-12 23:28:00,-1,1814.5872,742.6839
2008-09-12 23:40:00,-1,1808.4201,796.5759
2008-09-13 00:25:00,-1,1766.5759,706.8201
2008-09-13 02:57:00,-1,1804.682,777.4027
2008-09-13 03:14:00,-1,1854.4864,768.8407
2008-09-13 09:19:00,-1,1838.7849,756.8293
2008-09-13 10:55:00,-1,1925.1642,774.3393
2008-09-13 11:42:00,-1,1812.2497,761.8355
2008-09-13 11:56:00,1,1782.5028,723.0049
2008-09-13 12:48:00,-1,1824.818,763.1917
2008-09-13 14:07:00,-1,1847.0164,704.1983
2008-09-13 16:04:00,-1,1889.1991,838.483
2008-09-13 16:04:00,-1,1816.1957,773.9219
2008-09-13 20:06:00,1,1816.1957,757.1382
2008-09-14 02:50:00,-1,1925.1642,803.5868
2008-09-14 02:59:00,-1,1887.9845,744.1374
2008-09-14 15:02:00,-1,1828.6054,674.4338
2008-09-14 15:46:00,-1,1757.2131,732.6445
2008-09-14 16:34:00,-1,1713.0425,775.3516
2008-09-14 17:40:00,-1,1806.7206,754.9107
2008-09-14 18:27:00,-1,1893.0174,782.5507
2008-09-14 18:27:00,-1,1852.564,747.0237
2008-09-14 19:13:00,-1,1836.9914,753.1723
2008-09-14 20:00:00,-1,1804.9217,676.803
2008-09-14 20:43:00,-1,1742.9685,723.0611
2008-09-14 20:45:00,-1,1891.431,788.4125
2008-09-14 21:31:00,-1,1816.3408,763.7353
2008-09-14 23:00:00,-1,1797.1417,796.4259
2008-09-15 02:04:00,-1,1735.2635,735.5572
2008-09-15 10:03:00,-1,1668.0622,778.873
2008-09-15 11:40:00,-1,1776.0103,713.2748
2008-09-15 12:27:00,-1,1809.8892,756.6987
2008-09-15 16:10:00,-1,1782.5934,728.6274
2008-09-15 16:59:00,-1,1850.6233,695.9648
2008-09-15 19:54:00,-1,1668.0622,784.403
2008-09-15 21:56:00,-1,1787.1098,740.1082
2008-09-15 22:13:00,-1,1801.8521,732.7834
2008-09-15 22:45:00,-1,1827.0966,805.6736
2008-09-15 22:54:00,-1,1772.8633,802.9367
2008-09-15 23:37:00,-1,1867.539,763.5044
2008-09-16 07:39:00,-1,1891.431,776.2828
2008-09-16 07:48:00,-1,1907.9462,793.9354
2008-09-16 08:50:00,-1,1809.8301,771.5955
2008-09-16 08:52:00,-1,1786.0376,655.8539
2008-09-16 09:37:00,-1,1744.3388,584.1758
2008-09-16 17:07:00,-1,1736.6114,764.0111
2008-09-16 18:09:00,-1,1796.3286,717.053
2008-09-16 18:23:00,-1,1748.2561,766.384
2008-09-16 19:34:00,-1,1795.2321,703.9763
2008-09-16 19:45:00,-1,1719.9675,743.9188
2008-09-16 21:21:00,-1,1706.8278,752.2176
2008-09-16 22:45:00,-1,1812.4838,718.3788
2008-09-17 02:01:00,-1,1812.2497,723.6714
2008-09-17 04:23:00,1,1907.9462,789.1864
2008-09-17 07:14:00,-1,1766.5759,726.2929
2008-09-17 07:28:00,-1,1825.8952,717.5179
2008-09-17 21:52:00,-1,1727.1871,661.9762
2008-09-18 00:57:00,-1,1765.2269,767.7514
2008-09-18 01:40:00,-1,1790.6877,718.7465
2008-09-18 01:43:00,-1,1791.7535,637.5776
2008-09-18 02:01:00,-1,1766.5687,651.6467
2008-09-18 03:58:00,-1,1804.682,809.3271
2008-09-18 03:58:00,-1,1822.9996,788.9453
2008-09-18 05:44:00,-1,1907.2316,695.1822
2008-09-18 05:58:00,-1,1880.2885,744.0963
2008-09-18 08:04:00,-1,1843.4549,723.6946
2008-09-18 10:48:00,-1,1815.3186,717.8132
2008-09-18 13:48:00,-1,1817.3502,763.1569
2008-09-18 17:22:00,-1,1804.854,664.1708
2008-09-18 18:12:00,-1,1771.1661,782.4785
2008-09-18 18:56:00,-1,1787.1098,757.8227
2008-09-18 21:12:00,-1,1829.7017,767.8407
2008-09-18 21:56:00,-1,1872.8737,764.1577
2008-09-18 23:00:00,-1,1866.4193,736.3565
2008-09-18 23:05:00,-1,1927.518,779.0569
2008-09-18 23:44:00,-1,1767.1722,780.1029
2008-09-19 00:30:00,-1,1792.4735,734.6362
2008-09-19 01:57:00,-1,1872.8737,662.5107
2008-09-19 02:44:00,-1,1809.8301,783.0876
2008-09-19 04:42:00,-1,1815.178,739.1567
2008-09-19 05:33:00,-1,1791.7535,739.7936
2008-09-19 05:57:00,-1,1809.8301,782.2624
2008-09-19 06:01:00,-1,1726.6365,752.7343
2008-09-19 06:44:00,-1,1832.1613,688.8368
2008-09-19 07:14:00,-1,1842.3669,825.1554
2008-09-19 07:18:00,-1,1781.3522,726.8828
2008-09-19 08:08:00,-1,1823.4487,731.7544
2008-09-19 08:52:00,-1,1804.9217,749.3883
2008-09-19 09:12:00,-1,1845.5824,717.4347
2008-09-19 09:47:00,-1,1843.0803,844.8573
2008-09-19 10:45:00,-1,1872.8737,747.2486
2008-09-19 11:13:00,-1,1819.2784,732.9829
2008-09-19 11:54:00,-1,1795.1763,720.5147
2008-09-19 13:59:00,-1,1773.4371,754.409
2008-09-19 15:31:00,-1,1762.8318,715.3448
2008-09-19 16:40:00,-1,1807.7746,838.093
2008-09-19 16:58:00,1,1893.0174,731.6244
2008-09-19 17:47:00,-1,1787.8948,730.2048
2008-09-19 18:11:00,-1,1855.0722,705.8754
2008-09-19 18:33:00,-1,1876.179,692.5674
2008-09-19 19:18:00,-1,1879.8625,714.6349
2008-09-19 19:29:00,-1,1803.6992,729.4918
2008-09-19 20:05:00,-1,1904.1041,760.078
2008-09-19 20:07:00,-1,1821.2154,755.9234
2008-09-19 20:10:00,-1,1884.5764,730.8786
2008-09-19 20:17:00,-1,1803.9785,841.6825
2008-09-19 20:19:00,1,1889.8373,778.4773
2008-09-19 21:08:00,-1,1778.9854,771.5681
2008-09-19 21:09:00,1,1781.3233,748.3221
2008-09-19 21:13:00,-1,1866.9647,785.1909
2008-09-19 21:14:00,-1,1846.1424,747.3382
2008-09-19 21:59:00,1,1757.2131,720.9188
2008-09-19 23:26:00,-1,1764.4354,727.0449
2008-09-19 23:33:00,-1,1784.8978,750.0886
2008-09-20 00:18:00,-1,1880.2885,773.5931
2008-09-20 00:33:00,-1,1749.7369,763.4517
2008-09-20 03:58:00,-1,1806.5493,709.9516
2008-09-20 04:13:00,-1,1781.3522,727.3748
2008-09-20 04:28:00,-1,1774.8359,762.0218
2008-09-20 05:22:00,-1,1797.9569,776.8427
2008-09-20 05:25:00,-1,1668.0622,802.063
2008-09-20 05:34:00,-1,1754.315,742.9724
2008-09-20 06:08:00,-1,1805.1565,738.1915
2008-09-20 07:21:00,-1,1833.0421,710.4253
2008-09-20 08:14:00,-1,1858.9403,781.5384
2008-09-20 10:51:00,-1,1806.1793,641.7353
2008-09-20 11:18:00,-1,1814.9518,720.0551
2008-09-20 12:20:00,-1,1825.8952,782.7267
2008-09-20 12:26:00,-1,1937.2993,771.3075
2008-09-20 12:27:00,-1,1776.6367,733.7798
2008-09-20 12:36:00,-1,1794.9025,708.0301
2008-09-20 12:57:00,-1,1740.5678,683.5583
2008-09-20 14:00:00,-1,1751.8155,743.8594
2008-09-20 14:06:00,-1,1787.1098,686.2564
2008-09-20 14:42:00,-1,1882.9529,758.6616
2008-09-20 14:50:00,-1,1921.5946,703.4551
2008-09-20 14:53:00,-1,1814.1387,749.4877
2008-09-20 15:02:00,-1,1831.338,768.5416
2008-09-20 15:19:00,-1,1823.4133,669.9954
2008-09-20 15:37:00,-1,1822.9996,820.6111
2008-09-20 15:46:00,-1,1728.6171,742.2486
2008-09-20 16:43:00,-1,1861.3704,749.6808
2008-09-20 16:44:00,-1,1784.4158,813.8892
2008-09-20 17:26:00,-1,1926.7016,749.7237
2008-09-20 17:29:00,-1,1764.1277,816.1701
2008-09-20 18:03:00,-1,1778.4092,724.6724
2008-09-20 18:21:00,-1,1801.5348,751.3749
2008-09-20 18:56:00,-1,1717.7731,677.937
2008-09-20 19:14:00,-1,1825.8952,790.1335
2008-09-20 19:21:00,-1,1811.6633,658.7094
2008-09-20 23:34:00,-1,1824.818,776.5064
2008-09-21 00:48:00,-1,1825.1419,732.3867
2008-09-21 01:06:00,-1,1836.0926,740.6909
2008-09-21 02:07:00,-1,1870.5525,789.4535
2008-09-21 03:04:00,-1,1836.9914,740.8483
2008-09-21 03:47:00,-1,1807.9927,750.9169
2008-09-21 04:17:00,-1,1813.7238,693.3072
2008-09-21 04:49:00,-1,1879.8357,796.4462
2008-09-21 07:30:00,-1,1838.7849,729.2308
2008-09-21 07:55:00,-1,1784.2011,745.8865
2008-09-21 08:22:00,-1,1735.2447,733.6495
2008-09-21 08:49:00,-1,1818.636,680.5773
2008-09-21 09:16:00,-1,1766.5759,759.1651
2008-09-21 09:31:00,-1,1866.4193,756.4915
2008-09-21 10:07:00,-1,1783.3414,744.1667
2008-09-21 10:49:00,-1,1946.6834,826.287
2008-09-21 11:33:00,-1,1746.304,633.85
2008-09-21 12:04:00,-1,1746.3729,732.2913
2008-09-21 14:30:00,-1,1781.3522,738.4165
2008-09-21 14:31:00,-1,1771.1661,764.2195
2008-09-21 14:33:00,-1,1837.7052,775.3828
2008-09-21 15:15:00,-1,1836.9161,772.7886
2008-09-21 15:26:00,-1,1817.9221,739.8292
2008-09-21 15:34:00,-1,1805.1565,769.5909
2008-09-21 16:43:00,-1,1907.2316,698.7114
2008-09-21 17:26:00,-1,1872.8737,693.3177
2008-09-21 17:30:00,-1,1809.8301,776.5643
2008-09-21 18:12:00,-1,1835.0286,773.4788
2008-09-21 19:19:00,-1,1715.5264,836.6193
2008-09-21 20:35:00,-1,1893.0174,766.8765
2008-09-21 21:54:00,-1,1749.7369,788.1963
2008-09-21 22:02:00,-1,1808.5697,702.0264
2008-09-22 00:12:00,-1,1776.6367,748.6221
2008-09-22 00:28:00,-1,1713.0425,723.8442
2008-09-22 00:47:00,-1,1814.3941,728.8933
2008-09-22 01:43:00,-1,1819.2784,777.6508
2008-09-22 03:51:00,-1,1809.2492,722.6941
2008-09-22 06:05:00,-1,1730.7502,782.1121
2008-09-22 07:12:00,-1,1838.7849,762.4107
2008-09-22 10:43:00,-1,1833.59,715.1939
2008-09-22 11:50:00,-1,1825.8952,808.6117
2008-09-22 12:11:00,-1,1838.2757,767.1262
2008-09-22 12:45:00,-1,1819.2784,701.7334
2008-09-22 13:03:00,-1,1858.9403,763.4498
2008-09-22 14:24:00,-1,1814.2267,757.0752
2008-09-22 14:27:00,-1,1836.8454,759.9356
2008-09-22 14:36:00,-1,1649.7054,681.0648
2008-09-22 16:25:00,-1,1838.2757,752.088
2008-09-22 21:30:00,-1,1823.7245,772.7066
2008-09-22 21:31:00,-1,1797.3158,783.4841
2008-09-22 22:15:00,-1,1886.3877,652.4482
2008-09-22 22:17:00,-1,1784.8978,708.9233
2008-09-22 23:01:00,-1,1804.689,749.7575
2008-09-22 23:10:00,-1,1713.9729,756.9412
2008-09-23 00:57:00,-1,1764.1277,827.0727
2008-09-23 06:44:00,-1,1838.7849,753.1683
2008-09-23 06:44:00,-1,1874.9192,784.9493
2008-09-23 06:52:00,-1,1809.0216,637.1466
2008-09-23 07:58:00,-1,1796.9269,698.0716
2008-09-23 08:11:00,-1,1836.9161,814.4994
2008-09-23 09:43:00,-1,1775.2725,717.4734
2008-09-23 11:14:00,1,1788.5755,743.9391
2008-09-23 11:42:00,-1,1757.8402,703.5655
2008-09-23 11:43:00,-1,1777.7628,692.762
2008-09-23 12:29:00,-1,1750.5353,757.7762
2008-09-23 12:31:00,-1,1737.5285,773.9649
2008-09-23 12:46:00,-1,1686.7116,780.28
2008-09-23 13:37:00,-1,1703.0296,714.2207
2008-09-23 15:23:00,-1,1703.7847,701.4382
2008-09-23 15:33:00,-1,1801.0767,654.953
2008-09-23 15:58:00,-1,1748.2561,785.2401
2008-09-23 18:10:00,-1,1686.7116,639.105
2008-09-23 18:36:00,-1,1803.366,710.5846
2008-09-23 18:56:00,-1,1893.0174,748.3889
2008-09-23 20:18:00,-1,1791.7535,623.9198
2008-09-23 20:59:00,-1,1808.4584,749.2621
2008-09-23 21:26:00,-1,1803.7358,707.9052
2008-09-23 22:25:00,-1,1823.3142,733.6116
2008-09-24 02:19:00,-1,1760.7394,723.3818
2008-09-24 02:44:00,-1,1835.0062,834.3392
2008-09-24 03:32:00,-1,1790.2606,753.7902
2008-09-24 03:40:00,-1,1816.3408,744.1123
2008-09-24 05:13:00,-1,1937.2993,777.2348
2008-09-24 05:22:00,-1,1821.2154,733.3461
2008-09-24 06:13:00,-1,1787.1098,696.7423
2008-09-24 06:14:00,-1,1774.0783,773.1085
2008-09-24 07:23:00,-1,1757.1228,667.9955
2008-09-24 10:10:00,-1,1837.5534,768.5964
2008-09-24 10:53:00,-1,1828.6693,836.5604
2008-09-24 10:59:00,-1,1874.9192,771.8616
2008-09-24 11:47:00,-1,1814.3941,691.8414
2008-09-24 12:04:00,-1,1757.8402,722.3961
2008-09-24 12:35:00,-1,1719.8538,734.8322
2008-09-24 13:01:00,-1,1825.7042,752.8446
2008-09-24 15:05:00,1,1767.0592,768.3565
2008-09-24 15:39:00,-1,1767.0592,777.1425
2008-09-24 15:42:00,-1,1814.3941,725.4636
2008-09-24 15:43:00,-1,1749.2407,736.6516
2008-09-24 16:26:00,-1,1814.5872,770.0011
2008-09-24 17:54:00,-1,1771.1661,786.8758
2008-09-24 18:05:00,-1,1801.8521,646.2585
2008-09-25 01:05:00,-1,1823.4487,770.2
2008-09-25 02:03:00,-1,1890.5651,731.2125
2008-09-25 06:21:00,-1,1747.056,765.3317
2008-09-25 07:12:00,-1,1833.0663,684.6308
2008-09-25 07:58:00,-1,1706.4659,700.693
2008-09-25 08:45:00,-1,1803.7358,727.6347
2008-09-25 09:31:00,-1,1860.9223,743.8759
2008-09-25 10:23:00,-1,1768.0997,688.7791
2008-09-25 11:08:00,-1,1809.9517,726.2825
2008-09-25 11:09:00,-1,1830.5375,682.5904
2008-09-25 11:55:00,-1,1841.9254,766.1026
2008-09-25 13:42:00,-1,1894.8394,754.7067
2008-09-25 14:08:00,-1,1851.5836,733.2411
2008-09-25 14:28:00,-1,1830.9033,762.1232
2008-09-25 15:12:00,-1,1787.1098,794.351
2008-09-25 15:40:00,-1,1816.3408,755.753
2008-09-25 15:55:00,-1,1796.3217,700.2877
2008-09-25 16:44:00,-1,1749.7369,759.2126
2008-09-25 17:28:00,-1,1790.2606,801.7774
2008-09-25 17:29:00,-1,1780.3691,805.6654
2008-09-25 19:49:00,-1,1846.1424,666.0224
2008-09-25 22:05:00,-1,1816.1426,739.8394
2008-09-25 23:04:00,-1,1876.8875,679.365
2008-09-25 23:48:00,-1,1774.3979,763.3664
2008-09-26 00:19:00,-1,1829.8594,769.6199
2008-09-26 01:21:00,-1,1793.0786,760.5515
2008-09-26 02:26:00,-1,1807.9927,687.6091
2008-09-26 03:12:00,-1,1714.9861,686.1198
2008-09-26 03:29:00,-1,1803.6992,724.4118
2008-09-26 04:14:00,-1,1814.3941,723.5782
2008-09-26 05:32:00,-1,1754.1807,792.8111
2008-09-26 11:08:00,-1,1634.0957,738.7342
2008-09-26 13:36:00,-1,1719.8538,784.9896
2008-09-26 13:45:00,-1,1733.9749,735.8206
2008-09-26 14:20:00,-1,1815.5561,658.7869
2008-09-26 14:51:00,-1,1804.6017,673.8012
2008-09-26 15:06:00,-1,1841.7575,626.8957
2008-09-26 15:36:00,-1,1789.1758,771.3692
2008-09-26 15:49:00,-1,1663.2079,678.0742
2008-09-26 16:31:00,-1,1874.6711,909.7511
2008-09-26 17:59:00,-1,1830.0338,769.5023
2008-09-26 18:54:00,-1,1781.3233,739.4027
2008-09-26 19:38:00,-1,1809.8301,701.7528
2008-09-26 19:45:00,-1,1727.0711,853.8541
2008-09-26 19:55:00,-1,1776.613,846.0455
2008-09-26 20:23:00,-1,1827.0966,772.8083
2008-09-26 20:31:00,-1,1843.5268,816.9353
2008-09-27 00:16:00,-1,1876.3532,706.5466
2008-09-27 00:17:00,-1,1856.592,765.4487
2008-09-27 01:29:00,-1,1888.9048,705.8567
2008-09-27 03:53:00,-1,1728.7168,714.4913
2008-09-27 10:10:00,-1,1818.7974,893.381
2008-09-27 10:13:00,-1,1835.0062,854.6818
2008-09-27 11:04:00,-1,1797.1417,823.095
2008-09-27 11:45:00,-1,1838.8758,784.527
2008-09-27 11:54:00,-1,1649.1486,790.996
2008-09-27 12:26:00,-1,1871.6307,776.1977
2008-09-27 12:28:00,-1,1814.5477,745.2844
2008-09-27 12:36:00,-1,1772.0181,776.564
2008-09-27 13:14:00,-1,1769.0741,788.4365
2008-09-27 13:19:00,-1,1784.8978,620.2269
2008-09-27 14:01:00,-1,1858.9263,860.8583
2008-09-27 14:05:00,-1,1826.547,804.7232
2008-09-27 14:46:00,-1,1859.0118,750.503
2008-09-27 15:09:00,-1,1715.5264,728.136
2008-09-27 15:30:00,-1,1818.6417,767.6011
2008-09-27 16:13:00,-1,1842.4897,751.5009
2008-09-27 17:26:00,-1,1850.5029,814.2143
2008-09-27 18:14:00,-1,1814.6855,774.4136
2008-09-27 19:16:00,-1,1810.4307,783.6506
2008-09-27 20:46:00,-1,1776.0103,734.5639
2008-09-27 21:45:00,-1,1873.5524,791.3496
2008-09-28 00:51:00,-1,1753.205,675.5797
2008-09-28 01:22:00,-1,1746.304,784.5881
2008-09-28 03:55:00,-1,1778.9854,732.8971
2008-09-28 04:45:00,1,1871.6307,748.0556
2008-09-28 05:31:00,-1,1783.0385,750.1885
2008-09-28 06:22:00,-1,1882.9529,743.232
2008-09-28 07:38:00,-1,1758.5897,736.0438
2008-09-28 07:52:00,-1,1780.8664,772.4921
2008-09-28 08:40:00,-1,1831.9633,787.916
2008-09-28 08:41:00,-1,1761.789,768.7742
2008-09-28 09:50:00,1,1779.4967,802.1753
2008-09-28 17:05:00,-1,1686.7116,789.0842
2008-09-28 17:06:00,-1,1822.5526,761.5831
2008-09-28 17:49:00,-1,1757.4284,712.0192
2008-09-28 17:55:00,-1,1797.81,791.8654
2008-09-28 18:34:00,-1,1793.9917,729.0667
2008-09-28 18:43:00,-1,1821.331,779.6213
2008-09-28 19:18:00,-1,1802.2125,765.8084
2008-09-28 19:29:00,-1,1860.7262,604.1849
2008-09-28 20:02:00,-1,1823.4487,730.2174
2008-09-28 20:42:00,-1,1838.8758,730.94
2008-09-28 21:08:00,-1,1759.2487,742.6392
2008-09-28 21:27:00,-1,1807.6307,776.7527
2008-09-28 22:44:00,-1,1759.2487,808.0084
2008-09-28 23:54:00,-1,1747.056,744.6107
2008-09-29 02:06:00,-1,1789.0366,714.6665
2008-09-29 03:07:00,-1,1808.2136,722.1561
2008-09-29 03:50:00,-1,1816.1426,690.4916
2008-09-29 04:18:00,-1,1767.1812,677.5044
2008-09-29 04:47:00,-1,1830.0338,711.9064
2008-09-29 05:32:00,-1,1863.5193,831.3916
2008-09-29 07:53:00,-1,1830.5375,706.8492
2008-09-29 09:15:00,-1,1822.185,749.1737
2008-09-29 11:13:00,-1,1828.707,723.8926
2008-09-29 11:53:00,-1,1801.391,777.1398
2008-09-29 12:25:00,-1,1790.1244,737.6103
2008-09-29 14:03:00,-1,1874.9192,735.7491
2008-09-29 14:04:00,-1,1814.6855,730.5298
2008-09-29 14:08:00,-1,1767.1722,737.8545
2008-09-29 15:09:00,-1,1727.0711,815.7955
2008-09-29 15:16:00,-1,1889.2168,756.5663
2008-09-29 16:27:00,-1,1815.8916,767.7793
2008-09-29 17:21:00,-1,1812.2497,720.44
2008-09-29 21:26:00,-1,1813.5467,783.3325
2008-09-29 21:48:00,1,1807.5345,762.7248
2008-09-29 22:13:00,-1,1784.7446,725.7763
2008-09-30 01:33:00,-1,1885.6297,709.1812
2008-09-30 01:36:00,-1,1860.1034,781.8226
2008-09-30 02:44:00,1,1782.5934,644.4724
2008-09-30 04:01:00,-1,1822.5526,800.3725
2008-09-30 04:42:00,-1,1811.3774,751.2165
2008-09-30 08:44:00,-1,1907.9462,799.2143
2008-09-30 12:31:00,-1,1707.1903,746.7053
2008-09-30 13:29:00,-1,1776.613,866.802
2008-09-30 14:20:00,-1,1751.8659,742.3655
2008-09-30 14:36:00,-1,1822.8584,752.4586
2008-09-30 15:16:00,-1,1789.8011,732.7431
2008-09-30 15:26:00,-1,1776.8803,716.6127
2008-09-30 16:13:00,-1,1889.0359,756.963
2008-09-30 16:50:00,-1,1853.9711,689.1425
2008-09-30 17:27:00,-1,1827.0203,721.9353
2008-09-30 19:17:00,-1,1821.9407,786.99
2008-09-30 19:17:00,-1,1837.7052,740.4989
2008-09-30 21:39:00,-1,1866.3519,722.4494
2008-09-30 21:42:00,-1,1831.338,805.1151
2008-09-30 23:34:00,-1,1764.4354,779.3227
2008-09-30 23:58:00,-1,1779.7088,735.4231
2008-10-01 00:20:00,-1,1780.3691,765.7652
2008-10-01 01:11:00,-1,1804.6017,772.3924
2008-10-01 02:53:00,-1,1843.4458,717.6064
2008-10-01 05:56:00,1,1838.7309,657.0988
2008-10-01 07:19:00,-1,1840.1264,741.1727
2008-10-01 07:28:00,-1,1843.4458,758.0699
2008-10-01 08:15:00,-1,1768.839,758.4556
2008-10-01 09:15:00,-1,1728.6171,718.2589
2008-10-01 09:16:00,-1,1865.6196,659.1062
2008-10-01 14:22:00,-1,1835.2556,638.6009
2008-10-01 15:16:00,-1,1811.078,684.6016
2008-10-01 16:43:00,-1,1816.1426,797.0945
2008-10-01 19:57:00,-1,1774.8359,677.3436
2008-10-01 21:15:00,-1,1795.2321,718.7274
2008-10-01 21:50:00,-1,1790.2497,745.9897
2008-10-01 22:47:00,-1,1830.5375,766.8431
2008-10-01 23:34:00,-1,1717.7731,724.4829
2008-10-02 00:21:00,-1,1873.4018,758.7825
2008-10-02 00:22:00,-1,1860.5654,806.3579
2008-10-02 03:17:00,1,1907.2316,633.7621
2008-10-02 03:27:00,-1,1893.7174,884.575
2008-10-02 04:11:00,-1,1806.5493,711.5682
2008-10-02 04:23:00,-1,1755.7161,687.3668
2008-10-02 04:24:00,-1,1826.547,793.5493
2008-10-02 06:49:00,-1,1778.4092,668.5228
2008-10-02 07:35:00,-1,1789.8011,734.2425
2008-10-02 07:58:00,-1,1860.9427,776.7957
2008-10-02 08:24:00,-1,1649.7873,687.4372
2008-10-02 08:52:00,-1,1781.1794,788.4272
2008-10-02 08:57:00,-1,1869.1547,750.9852
2008-10-02 09:10:00,1,1837.7052,680.6358
2008-10-02 09:42:00,-1,1842.3669,765.0424
2008-10-02 10:03:00,-1,1828.6054,715.7632
2008-10-02 14:07:00,1,1799.0342,731.6696
2008-10-02 14:10:00,1,1795.223,763.2762
2008-10-02 14:54:00,-1,1863.4326,686.4623
2008-10-02 15:10:00,-1,1831.338,712.9921
2008-10-02 15:44:00,-1,1717.7731,737.1553
2008-10-02 15:58:00,-1,1802.7413,766.8935
2008-10-02 16:32:00,-1,1763.5877,694.1305
2008-10-02 16:58:00,-1,1867.8825,735.2596
2008-10-02 17:00:00,-1,1854.4864,741.7242
2008-10-02 17:19:00,-1,1850.4375,780.4698
2008-10-02 19:21:00,-1,1818.9141,754.2729
2008-10-02 19:25:00,-1,1830.5375,661.1146
2008-10-02 20:54:00,-1,1882.5638,681.0371
2008-10-02 21:32:00,1,1896.5954,763.8163
2008-10-02 21:33:00,-1,1879.3953,775.5908
2008-10-02 22:23:00,-1,1791.1398,673.5806
2008-10-02 22:33:00,-1,1749.6527,735.4393
2008-10-02 23:32:00,-1,1785.7155,746.2941
2008-10-02 23:32:00,-1,1745.2288,813.2519
2008-10-03 00:24:00,-1,1799.5364,716.2675
2008-10-03 00:55:00,-1,1812.2034,759.6441
2008-10-03 02:41:00,-1,1771.2594,713.1851
2008-10-03 03:52:00,-1,1833.0663,740.7427
2008-10-03 03:56:00,-1,1741.9735,847.2295
2008-10-03 04:49:00,-1,1795.9323,751.6147
2008-10-03 05:01:00,-1,1745.1442,753.9951
2008-10-03 05:45:00,-1,1811.3774,695.007
2008-10-03 06:15:00,-1,1812.8228,777.6624
2008-10-03 08:35:00,-1,1792.188,738.597
2008-10-03 09:30:00,-1,1790.2497,756.4002
2008-10-03 11:40:00,-1,1798.5367,837.4215
2008-10-03 12:31:00,-1,1789.5431,739.4969
2008-10-03 18:45:00,-1,1792.188,741.9427
2008-10-03 19:23:00,-1,1779.7088,756.8435
2008-10-03 19:23:00,-1,1769.0255,813.3376
2008-10-03 20:11:00,-1,1791.9434,634.0443
2008-10-03 20:26:00,-1,1786.388,734.7629
2008-10-03 20:35:00,-1,1803.366,633.5462
2008-10-03 20:46:00,-1,1772.5615,818.357
2008-10-03 21:15:00,-1,1759.2487,649.1532
2008-10-03 21:52:00,-1,1864.2109,839.3621
2008-10-03 22:08:00,-1,1867.8825,759.0279
2008-10-03 22:53:00,-1,1791.9434,724.3805
2008-10-03 23:46:00,-1,1745.1442,810.8979
2008-10-04 00:58:00,-1,1799.0774,717.4934
2008-10-04 01:49:00,-1,1780.6663,788.1151
2008-10-04 02:36:00,-1,1794.5947,727.993
2008-10-04 03:53:00,-1,1836.3814,643.6004
2008-10-04 04:12:00,-1,1832.8431,714.7904
2008-10-04 04:45:00,-1,1731.7276,792.4602
2008-10-04 09:29:00,-1,1734.794,753.4261
2008-10-04 15:16:00,-1,1808.2067,764.4798
2008-10-04 16:58:00,-1,1812.2034,744.7794
2008-10-04 18:15:00,-1,1728.7168,666.8137
2008-10-04 18:25:00,-1,1730.7502,595.796
2008-10-04 18:59:00,-1,1818.9141,811.2656
2008-10-04 19:12:00,-1,1734.2991,805.2759
2008-10-04 19:47:00,-1,1838.2964,801.5683
2008-10-04 19:54:00,-1,1817.2698,754.6609
2008-10-04 20:39:00,-1,1818.6417,705.1153
2008-10-04 22:06:00,-1,1801.5094,786.2657
2008-10-04 23:18:00,1,1787.2501,747.9865
2008-10-05 00:33:00,1,1850.4375,798.0013
2008-10-05 00:33:00,-1,1806.6172,757.7027
2008-10-05 01:35:00,-1,1778.6837,748.6849
2008-10-05 04:01:00,-1,1701.7635,748.4576
2008-10-05 04:20:00,-1,1832.8431,736.5444
2008-10-05 04:48:00,-1,1830.1596,771.6946
2008-10-05 05:31:00,-1,1821.9407,680.4398
2008-10-05 05:53:00,-1,1871.6307,774.4409
2008-10-05 06:15:00,-1,1860.1495,793.9446
2008-10-05 08:02:00,-1,1819.5953,775.351
2008-10-05 08:40:00,-1,1769.1764,741.7235
2008-10-05 09:04:00,-1,1849.4487,726.3713
2008-10-05 09:47:00,-1,1780.8664,780.5541
2008-10-05 10:00:00,-1,1876.1801,667.9745
2008-10-05 10:43:00,-1,1854.5901,754.9244
2008-10-05 11:05:00,-1,1789.5431,720.9814
2008-10-05 11:30:00,-1,1831.3966,755.2627
2008-10-05 12:03:00,-1,1738.7293,739.5797
2008-10-05 12:17:00,-1,1831.338,701.3166
2008-10-05 13:49:00,-1,1780.0169,815.9082
2008-10-05 14:34:00,-1,1801.2336,770.163
2008-10-05 15:30:00,1,1761.789,739.3232
2008-10-05 15:35:00,1,1809.0129,779.3134
2008-10-05 16:15:00,-1,1924.6116,600.2219
2008-10-05 16:37:00,1,1830.1596,749.6248
2008-10-05 16:49:00,1,1863.4326,736.1793
2008-10-05 18:46:00,1,1747.8181,755.7289
2008-10-05 18:59:00,-1,1755.6484,727.2806
2008-10-05 19:45:00,-1,1698.811,793.3861
2008-10-05 20:12:00,-1,1937.2993,677.9002
2008-10-05 20:30:00,-1,1832.8431,684.3676
2008-10-05 22:13:00,-1,1801.391,771.2167
2008-10-06 00:41:00,-1,1733.5791,745.6604
2008-10-06 01:25:00,-1,1779.7088,707.236
2008-10-06 01:27:00,-1,1791.9434,761.9435
2008-10-06 01:30:00,-1,1810.0117,743.0757
2008-10-06 02:44:00,-1,1761.2535,789.9959
2008-10-06 02:49:00,-1,1695.999,751.1369
2008-10-06 03:31:00,-1,1808.0062,724.0268
2008-10-06 03:50:00,1,1762.8462,839.5361
2008-10-06 03:57:00,1,1843.4458,778.2147
2008-10-06 04:26:00,-1,1799.0774,711.4945
2008-10-06 05:21:00,-1,1762.8462,833.2102
2008-10-06 05:24:00,-1,1867.9058,747.6076
2008-10-06 06:11:00,-1,1768.1151,697.2415
2008-10-06 06:26:00,-1,1954.417,849.5395
2008-10-06 06:49:00,-1,1633.1937,780.6734
2008-10-06 07:12:00,-1,1879.3953,799.224
2008-10-06 07:17:00,-1,1812.344,794.5631
2008-10-06 07:35:00,-1,1871.6307,791.4203
2008-10-06 07:38:00,-1,1698.811,836.4156
2008-10-06 08:24:00,-1,1780.6663,771.077
2008-10-06 08:57:00,-1,1727.872,731.5928
2008-10-06 09:11:00,-1,1880.7076,882.192
2008-10-06 09:57:00,-1,1698.811,847.5181
2008-10-06 10:07:00,-1,1842.3669,815.1008
2008-10-06 11:51:00,-1,1747.1456,807.1078
2008-10-06 12:39:00,-1,1806.371,761.637
2008-10-06 12:42:00,-1,1863.5193,766.1776
2008-10-06 13:08:00,-1,1760.9823,759.6982
2008-10-06 13:38:00,1,1852.7683,706.582
2008-10-06 13:55:00,1,1787.2501,775.5831
2008-10-06 15:00:00,1,1698.811,818.6599
2008-10-06 15:01:00,-1,1764.1984,725.414
2008-10-06 15:52:00,-1,1800.6845,818.1034
2008-10-06 16:42:00,-1,1801.537,829.6125
2008-10-06 16:50:00,-1,1780.8664,748.4901
2008-10-06 17:26:00,-1,1795.223,739.5716
2008-10-06 17:26:00,-1,1807.6803,702.1261
2008-10-06 17:35:00,-1,1813.5467,766.8034
2008-10-06 18:54:00,-1,1818.0249,718.7614
2008-10-06 18:55:00,-1,1838.2964,772.8372
2008-10-06 19:42:00,-1,1846.3642,742.1782
2008-10-06 20:02:00,-1,1785.5514,682.917
2008-10-06 20:36:00,-1,1830.0338,707.2203
2008-10-06 20:47:00,-1,1864.2109,847.4384
2008-10-06 21:46:00,-1,1791.9434,783.0812
2008-10-06 21:48:00,-1,1831.2186,757.7294
2008-10-06 22:37:00,-1,1897.7952,733.9364
2008-10-06 23:03:00,-1,1785.5514,747.9944
2008-10-07 01:46:00,-1,1785.5514,759.8419
2008-10-07 03:29:00,-1,1805.7892,924.5318
2008-10-07 03:39:00,-1,1787.5122,734.4335
2008-10-07 07:32:00,-1,1755.4359,781.2122
2008-10-07 07:41:00,-1,1793.9446,676.2801
2008-10-07 08:25:00,-1,1802.2084,757.5706
2008-10-07 08:26:00,-1,1762.8462,855.1222
2008-10-07 09:11:00,-1,1818.9141,779.8763
2008-10-07 09:20:00,-1,1828.2418,753.4195
2008-10-07 09:59:00,-1,1841.6363,834.8428
2008-10-07 10:04:00,-1,1762.8462,825.4951
2008-10-07 10:10:00,-1,1879.3953,725.2758
2008-10-07 10:51:00,-1,1815.178,718.022
2008-10-07 11:15:00,-1,1760.2874,765.2061
2008-10-07 11:16:00,-1,1759.3638,669.5943
2008-10-07 11:36:00,-1,1928.3724,900.6217
2008-10-07 12:40:00,-1,1802.2084,696.6005
2008-10-07 13:10:00,1,1874.6711,728.1333
2008-10-07 13:48:00,-1,1932.0134,785.7227
2008-10-07 14:35:00,-1,1662.0437,794.8919
2008-10-07 16:32:00,-1,1870.3011,727.6432
2008-10-07 17:06:00,-1,1870.9937,723.813
2008-10-07 17:28:00,-1,1870.3431,640.1508
2008-10-07 18:39:00,-1,1734.1966,725.5429
2008-10-07 19:24:00,-1,1785.5514,772.5346
2008-10-07 20:19:00,-1,1759.3638,787.0676
2008-10-07 20:39:00,-1,1804.9894,733.3298
2008-10-07 20:48:00,-1,1863.8388,754.4397
2008-10-08 04:47:00,-1,1825.8502,774.3178
2008-10-08 05:35:00,-1,1802.2084,740.9146
2008-10-08 05:38:00,-1,1850.4375,821.5747
2008-10-08 06:25:00,-1,1820.1745,791.233
2008-10-08 07:10:00,-1,1728.7168,662.2348
2008-10-08 07:13:00,-1,1851.8335,699.0603
2008-10-08 07:16:00,-1,1866.3519,779.2658
2008-10-08 09:01:00,-1,1804.9894,730.8782
2008-10-08 09:06:00,-1,1701.7635,770.4638
2008-10-08 10:37:00,-1,1794.4661,788.339
2008-10-08 12:11:00,-1,1814.334,788.7158
2008-10-08 13:35:00,-1,1794.7906,821.2525
2008-10-08 13:38:00,-1,1734.2991,789.4992
2008-10-08 14:48:00,-1,1801.8746,710.2229
2008-10-08 15:37:00,-1,1797.81,802.0003
2008-10-08 16:26:00,-1,1762.2851,769.5868
2008-10-08 17:14:00,-1,1893.7174,828.4453
2008-10-08 17:31:00,-1,1877.4021,806.5799
2008-10-08 17:41:00,-1,1884.7195,886.7893
2008-10-08 18:22:00,-1,1814.3941,634.0758
2008-10-08 20:27:00,-1,1804.1424,802.2167
2008-10-08 21:19:00,-1,1854.0569,793.6932
2008-10-08 21:45:00,-1,1765.303,719.0809
2008-10-08 22:08:00,-1,1798.5367,854.0502
2008-10-08 23:13:00,-1,1760.9823,766.6326
2008-10-08 23:50:00,-1,1880.0356,814.326
2008-10-09 00:23:00,-1,1834.1129,755.2512
2008-10-09 04:34:00,1,1955.8828,735.8611
2008-10-09 06:06:00,-1,1862.0343,852.6576
2008-10-09 07:38:00,-1,1851.0066,714.9934
2008-10-09 14:15:00,-1,1812.344,781.6883
2008-10-09 15:04:00,-1,1807.835,764.1455
2008-10-09 15:55:00,1,1723.7672,773.2181
2008-10-09 15:56:00,-1,1826.5261,801.3997
2008-10-10 10:05:00,-1,1795.9323,725.1428
2008-10-10 10:46:00,-1,1848.717,733.8493
2008-10-10 10:53:00,-1,1795.223,746.266
2008-10-10 12:30:00,-1,1893.7174,871.864
2008-10-10 15:33:00,-1,1806.371,707.5451
2008-10-10 15:50:00,-1,1830.1596,749.4623
2008-10-10 20:02:00,-1,1854.0569,766.662
2008-10-10 21:03:00,-1,1777.9483,739.3275
2008-10-10 21:07:00,-1,1804.9894,712.3636
2008-10-10 21:16:00,-1,1849.957,718.3358
2008-10-11 02:55:00,-1,1784.3389,713.8871
2008-10-11 06:56:00,-1,1807.03,806.0877
2008-10-11 07:38:00,-1,1799.0342,688.053
2008-10-11 07:39:00,-1,1809.8892,730.9848
2008-10-11 07:42:00,-1,1849.4487,767.9431
2008-10-11 08:27:00,-1,1794.5947,742.5724
2008-10-11 14:43:00,-1,1781.5089,761.1895
2008-10-11 15:33:00,-1,1812.4306,849.7665
2008-10-11 16:25:00,-1,1836.5165,675.5294
2008-10-11 23:16:00,-1,1709.7678,836.3172
2008-10-11 23:58:00,-1,1709.7678,810.5024
2008-10-12 00:57:00,-1,1796.0427,779.7144
2008-10-12 01:50:00,-1,1831.3966,754.4406
2008-10-12 02:59:00,-1,1753.6782,810.743
2008-10-12 03:21:00,-1,1779.7088,723.2262
2008-10-12 03:28:00,-1,1802.2084,742.2628
2008-10-12 08:19:00,-1,1805.6859,777.3108
2008-10-12 18:47:00,-1,1627.4714,670.1149
2008-10-13 03:34:00,-1,1801.8746,672.2277
2008-10-13 03:53:00,-1,1801.537,789.4424
2008-10-13 11:27:00,-1,1781.1794,754.5725
2008-10-13 12:18:00,-1,1809.9517,762.0007
2008-10-13 14:06:00,-1,1853.5033,808.663
2008-10-13 14:29:00,-1,1793.8624,767.7837
2008-10-13 14:30:00,-1,1843.076,798.3164
2008-10-13 14:55:00,-1,1874.8102,865.5273
2008-10-13 15:42:00,-1,1803.7358,666.0704
2008-10-13 15:42:00,-1,1841.6363,835.9395
2008-10-13 16:13:00,-1,1799.5364,708.735
2008-10-13 19:17:00,-1,1731.2344,753.7796
2008-10-13 19:36:00,-1,1872.7924,741.167
2008-10-13 19:40:00,-1,1826.5261,755.358
2008-10-13 20:10:00,-1,1802.9606,730.7202
2008-10-13 20:30:00,-1,1814.1019,658.4101
2008-10-13 20:53:00,-1,1838.9694,795.1223
2008-10-13 21:20:00,-1,1863.5193,786.2472
2008-10-13 21:47:00,-1,1703.3708,709.1509
2008-10-13 21:57:00,-1,1849.957,809.423
2008-10-13 22:48:00,-1,1799.7156,777.0182
2008-10-13 22:54:00,-1,1879.1794,773.2555
2008-10-14 00:35:00,-1,1658.4331,739.9595
2008-10-14 03:21:00,-1,1822.7572,608.1952
2008-10-14 03:28:00,-1,1829.8594,647.8838
2008-10-14 03:35:00,-1,1701.5523,888.9527
2008-10-14 13:13:00,-1,1798.0777,778.1142
2008-10-14 13:16:00,-1,1845.2409,843.0966
2008-10-14 14:07:00,-1,1732.694,784.4956
2008-10-14 14:15:00,-1,1692.1908,755.5239
2008-10-14 14:43:00,-1,1791.148,724.656
2008-10-14 17:36:00,-1,1825.8502,753.5341
2008-10-14 19:15:00,-1,1814.3705,775.1126
2008-10-14 20:01:00,-1,1777.6835,736.1004
2008-10-14 20:30:00,-1,1840.5871,791.9736
2008-10-14 20:48:00,-1,1846.6229,909.3752
2008-10-14 21:36:00,-1,1762.7289,690.4482
2008-10-14 23:07:00,-1,1836.8223,663.5978
2008-10-15 00:03:00,-1,1703.3708,726.0233
2008-10-15 00:27:00,-1,1834.6782,757.8104
2008-10-15 00:47:00,-1,1847.2026,753.0981
2008-10-15 01:52:00,-1,1781.0447,657.6512
2008-10-15 01:52:00,-1,1851.8727,734.6906
2008-10-15 01:52:00,-1,1806.5995,816.0149
2008-10-15 02:40:00,-1,1768.0997,691.2322
2008-10-15 02:40:00,-1,1839.0217,790.2035
2008-10-15 02:42:00,1,1876.8875,737.9575
2008-10-15 03:24:00,-1,1872.5133,733.7906
2008-10-15 04:08:00,-1,1838.9694,752.6073
2008-10-15 05:13:00,-1,1777.6835,770.9484
2008-10-15 05:16:00,-1,1754.6661,712.5588
2008-10-15 06:49:00,-1,1756.7379,798.4615
2008-10-15 07:36:00,-1,1785.2521,736.7056
2008-10-15 07:55:00,-1,1800.3704,756.0542
2008-10-15 08:21:00,-1,1759.9908,681.8888
2008-10-15 09:11:00,-1,1777.6835,773.9208
2008-10-15 10:00:00,-1,1878.3495,741.2251
2008-10-15 12:53:00,-1,1802.9606,745.8543
2008-10-15 13:14:00,-1,1845.2409,774.396
2008-10-15 13:16:00,-1,1808.0062,713.6876
2008-10-15 14:08:00,-1,1853.4161,772.3911
2008-10-15 15:11:00,-1,1801.537,793.7064
2008-10-15 16:24:00,-1,1819.5327,781.7403
2008-10-15 17:19:00,-1,1860.9427,811.4751
2008-10-15 18:16:00,-1,1819.2093,765.2489
2008-10-15 19:15:00,-1,1801.2336,759.4163
2008-10-15 19:24:00,-1,1800.3704,716.1447
2008-10-15 21:44:00,-1,1772.6296,713.7977
2008-10-15 22:45:00,-1,1808.2634,736.3461
2008-10-15 22:54:00,-1,1844.0774,760.1157
2008-10-15 23:00:00,-1,1757.9872,773.5831
2008-10-15 23:45:00,-1,1816.7937,762.9815
2008-10-16 02:16:00,-1,1753.6782,756.6812
2008-10-16 02:16:00,-1,1895.5238,816.6171
2008-10-16 02:17:00,-1,1755.6484,775.9137
2008-10-16 02:22:00,-1,1811.5088,600.8499
2008-10-16 02:55:00,-1,1719.8538,767.2725
2008-10-16 03:56:00,-1,1703.3708,708.3268
2008-10-16 04:02:00,-1,1734.4893,690.568
2008-10-16 04:02:00,-1,1873.9783,779.401
2008-10-16 04:04:00,-1,1808.1907,730.4147
2008-10-16 04:47:00,-1,1845.2409,826.7217
2008-10-16 04:50:00,-1,1794.3678,817.4893
2008-10-16 04:54:00,-1,1801.2336,773.0223
2008-10-16 05:08:00,-1,1836.3814,762.6247
2008-10-16 05:13:00,-1,1796.4239,789.1009
2008-10-16 05:44:00,-1,1806.5995,790.397
2008-10-16 05:58:00,-1,1753.2399,747.4732
2008-10-16 15:02:00,-1,1870.7013,795.9418
2008-10-16 15:13:00,-1,1869.4215,727.6761
2008-10-16 20:49:00,-1,1872.5133,755.7527
2008-10-17 05:26:00,-1,1820.3629,704.2686
2008-10-17 06:01:00,-1,1627.4714,605.619
2008-10-17 06:07:00,-1,1759.9908,683.5622
